firm_id,region_code,nace_code,legal_form,employees,foundation_year,revenue_last_year
F00001,R04,C29,OHG,35,1967,405111.53
F00002,R10,G47,GmbH,21,2011,60898.36
F00003,R01,C29,AG,24,2013,76183.56
F00004,R07,C10,AG,24,1977,67499.03
F00005,R10,G47,KG,30,1985,56143.11
F00006,R01,H49,OHG,23,2016,216785.71
F00007,R04,H49,KG,19,1968,26861.2
F00008,R07,G47,OHG,27,1999,638960.85
F00009,R05,I55,GmbH,25,1969,459039.73
F00010,R07,I55,AG,37,1984,220313.93
F00011,R05,G47,AG,33,1968,247689.39
F00012,R01,C10,GmbH,29,2008,381834.04
F00013,R09,G47,Einzelunternehmen,12,1983,36311.66
F00014,R06,C10,KG,24,1989,548699.74
F00015,R08,I56,AG,22,2018,129065.36
F00016,R03,I56,AG,27,1977,226567.96
F00017,R03,I56,Einzelunternehmen,22,2007,97406.19
F00018,R02,C10,KG,27,1995,110755.1
F00019,R03,I56,GmbH,30,2010,317183.31
F00020,R05,I55,Einzelunternehmen,32,2001,89030.48
F00021,R04,I56,GmbH,22,1996,1640373.85
F00022,R10,I55,AG,28,1967,679137.85
F00023,R02,C29,OHG,26,1983,219015.96
F00024,R01,H49,GmbH,29,1996,481662.41
F00025,R03,H49,OHG,20,1973,370027.32
F00026,R02,G47,Einzelunternehmen,23,1995,154668.02
F00027,R02,C10,KG,26,2014,559165.65
F00028,R09,G47,KG,26,2011,126278.09
F00029,R01,C29,AG,23,1979,8343.16
F00030,R04,C10,Einzelunternehmen,28,1977,116878.78
F00031,R08,I56,OHG,28,2016,367263.83
F00032,R04,C29,Einzelunternehmen,18,1967,1009987.65
F00033,R10,I56,GmbH,22,1992,403504.75
F00034,R07,C29,AG,25,2012,1099263.39
F00035,R03,C10,GmbH,21,1988,204706.61
F00036,R09,H49,AG,26,2009,132379.37
F00037,R06,I55,OHG,22,1998,475527.81
F00038,R02,C29,Einzelunternehmen,21,1990,186677.94
F00039,R01,G47,Einzelunternehmen,24,2014,206435.78
F00040,R01,G47,GmbH,19,1996,110250.77
F00041,R08,I56,GmbH,33,1985,1092438.8
F00042,R09,C10,AG,29,2018,118816.75
F00043,R06,C29,AG,29,1972,90658.61
F00044,R08,I56,KG,23,1990,28029.5
F00045,R02,G47,AG,26,1971,221905.04
F00046,R04,H49,KG,21,2018,158164.04
F00047,R08,H49,GmbH,30,2017,483441.14
F00048,R01,G47,GmbH,23,2006,1021516.11
F00049,R05,I55,GmbH,15,2008,48162.53
F00050,R02,H49,AG,31,1983,36663.02
F00051,R05,C10,KG,32,1988,109093.78
F00052,R06,H49,AG,23,2012,184664.98
F00053,R09,I55,KG,23,2007,70776.54
F00054,R06,I56,GmbH,37,2004,15906.7
F00055,R08,I55,GmbH,24,1984,1045724.36
F00056,R07,I55,OHG,21,2017,137696.8
F00057,R08,C29,OHG,29,2001,851064.99
F00058,R04,I55,KG,23,1996,361910.4
F00059,R06,I55,KG,24,1988,160375.57
F00060,R05,H49,KG,32,1968,365756.28
F00061,R03,I55,KG,29,1990,141290.46
F00062,R08,C10,Einzelunternehmen,32,1973,631471.24
F00063,R08,I56,AG,19,1981,45505.07
F00064,R07,I55,KG,30,2007,136342.49
F00065,R08,G47,OHG,29,2021,194614.67
F00066,R02,I55,AG,22,1995,360260.66
F00067,R02,C10,KG,37,1968,99822.9
F00068,R10,G47,Einzelunternehmen,31,2001,671149.58
F00069,R10,H49,GmbH,25,1972,88619.87
F00070,R09,H49,AG,26,2016,44694.37
F00071,R07,H49,OHG,33,2009,282018.16
F00072,R01,C10,KG,25,1977,290671.15
F00073,R04,I56,Einzelunternehmen,33,2018,71338.34
F00074,R04,C29,GmbH,31,1981,277607.11
F00075,R07,G47,Einzelunternehmen,23,1966,110368.15
F00076,R09,C29,GmbH,38,1993,103374.09
F00077,R07,H49,KG,24,1984,24224.03
F00078,R07,I55,KG,33,1973,165047.06
F00079,R04,G47,OHG,28,2011,139620.44
F00080,R05,I56,KG,18,2008,181847.43
F00081,R04,C10,Einzelunternehmen,19,1973,69532.02
F00082,R04,G47,Einzelunternehmen,24,2010,706535.49
F00083,R02,H49,GmbH,31,1968,1285407.84
F00084,R08,H49,GmbH,24,2021,31770.38
F00085,R05,C10,OHG,27,2016,277752.52
F00086,R09,C10,KG,23,2020,121650.81
F00087,R07,I55,GmbH,27,1969,501324.09
F00088,R04,H49,KG,26,1975,162594.85
F00089,R05,G47,Einzelunternehmen,21,1982,57014.06
F00090,R04,C29,OHG,28,2011,77523.73
F00091,R06,I56,OHG,29,1965,578096.01
F00092,R10,C10,Einzelunternehmen,27,1999,257085.19
F00093,R04,G47,GmbH,25,2003,523153.23
F00094,R04,C29,OHG,25,1974,57951.68
F00095,R03,I55,AG,27,1970,840089.84
F00096,R05,H49,AG,26,1971,75296.03
F00097,R10,C10,Einzelunternehmen,25,1984,1028202.56
F00098,R09,C29,KG,27,2009,106392.48
F00099,R10,G47,Einzelunternehmen,29,2008,195674.34
F00100,R06,G47,KG,23,1988,123516.73
F00101,R03,C10,Einzelunternehmen,35,2000,163351.26
F00102,R08,C29,AG,26,1978,139035.35
F00103,R02,C10,Einzelunternehmen,17,2016,78433.17
F00104,R07,C29,Einzelunternehmen,23.5,1970,217078
F00105,R04,I56,GmbH,22,2020,38707.13
F00106,R05,H49,OHG,24,2002,123359.3
F00107,R01,H49,GmbH,27,2007,517481.48
F00108,R02,I56,KG,27,1969,84523.85
F00109,R02,I56,Einzelunternehmen,25,2016,379377.55
F00110,R10,G47,OHG,30,2014,133904.53
F00111,R01,C10,KG,32,1977,37030.52
F00112,R07,G47,Einzelunternehmen,29,2007,98862.8
F00113,R02,C10,Einzelunternehmen,30,1981,556692.35
F00114,R01,H49,AG,37,1972,170165.54
F00115,R07,C10,OHG,33,2011,128227.54
F00116,R04,C29,KG,30,2001,179819.66
F00117,R01,H49,AG,23,2013,70967.17
F00118,R08,C10,OHG,21,1965,216020.93
F00119,R06,I55,KG,25,1975,27814.37
F00120,R10,G47,Einzelunternehmen,21,2008,402789.88
F00121,R07,G47,KG,27,1972,276994.3
F00122,R10,H49,OHG,22,1984,206128.66
F00123,R04,I55,AG,30,2019,309519.21
F00124,R09,C10,GmbH,20,2020,114930.17
F00125,R01,C10,AG,25,1998,182667.43
F00126,R06,H49,GmbH,27,1976,447527.03
F00127,R01,G47,KG,32,2006,60898.78
F00128,R08,C29,Einzelunternehmen,36,2007,161653.26
F00129,R09,I55,GmbH,21,1997,315170.58
F00130,R10,I56,Einzelunternehmen,27,1987,212982.88
F00131,R07,I55,AG,25,1997,181777.34
F00132,R07,I55,GmbH,22,1978,405432.04
F00133,R10,I56,Einzelunternehmen,25,1988,776454.72
F00134,R04,C10,Einzelunternehmen,16,1979,196392.51
F00135,R04,H49,OHG,16,1987,251585.73
F00136,R06,G47,GmbH,37,2022,142255.91
F00137,R05,C29,OHG,22,2001,702461.48
F00138,R02,G47,GmbH,26,2014,160909.25
F00139,R04,H49,GmbH,21,1988,89358.73
F00140,R06,I56,KG,30,2013,481781.09
F00141,R05,C10,KG,28,1981,42481.55
F00142,R09,I55,KG,27,2022,76357.25
F00143,R03,C29,GmbH,31,2016,55701.36
F00144,R03,I55,Einzelunternehmen,31,1973,198580.97
F00145,R08,G47,OHG,29,1975,46417.27
F00146,R08,I55,GmbH,26,2017,221558.8
F00147,R10,I56,AG,29,2014,95170.36
F00148,R08,I55,Einzelunternehmen,28,2005,156960.25
F00149,R08,G47,AG,27,2009,66266.4
F00150,R10,G47,GmbH,28,1982,356915.3
F00151,R01,C29,KG,22,1967,103925.27
F00152,R09,I56,GmbH,27,2019,278246.9
F00153,R08,C29,GmbH,30,2010,276695.32
F00154,R10,C10,AG,31,1992,54344.92
F00155,R04,I55,KG,23,2011,1159486.77
F00156,R06,C29,GmbH,28,1977,208861.22
F00157,R02,I56,Einzelunternehmen,23,1973,278135.42
F00158,R08,G47,KG,21,2008,351805.18
F00159,R04,I56,KG,17,1975,176640.58
F00160,R08,I55,GmbH,33,2020,146573.56
F00161,R08,C29,GmbH,27,2012,8265672.06
F00162,R03,G47,Einzelunternehmen,30,1990,653773.67
F00163,R10,G47,Einzelunternehmen,30,2022,38186.95
F00164,R08,I55,KG,24,2012,303173.76
F00165,R07,C10,OHG,28,1987,1090634.7
F00166,R03,C10,KG,20,1965,92859.42
F00167,R07,I55,KG,22,1984,83984.63
F00168,R08,I56,KG,17,1978,159384.87
F00169,R06,C29,GmbH,21,2018,74315.69
F00170,R03,I56,KG,26,1977,168283.28
F00171,R01,H49,AG,22,1976,263425.43
F00172,R01,I56,GmbH,26,2014,49841.04
F00173,R03,I56,GmbH,20,1976,79260.56
F00174,R10,C29,Einzelunternehmen,26,1979,125052.25
F00175,R09,C29,OHG,22,1973,543881.6
F00176,R03,C10,Einzelunternehmen,18,2016,278511.84
F00177,R07,H49,OHG,27,1977,278253.81
F00178,R10,I56,OHG,30,1988,253607.6
F00179,R10,H49,OHG,29,1968,204128.8
F00180,R05,C29,GmbH,39,1994,212963.3
F00181,R06,C10,GmbH,24,2019,409296.03
F00182,R04,I55,GmbH,23,1984,365150.23
F00183,R07,I56,GmbH,27,1966,158457.86
F00184,R09,G47,AG,18,1976,132890.99
F00185,R08,H49,KG,24,1971,307962.23
F00186,R07,I55,AG,25,2005,274705.88
F00187,R02,I56,GmbH,17,2017,249127.1
F00188,R04,C29,KG,31,1994,90711.79
F00189,R07,I56,OHG,22,1970,42793.23
F00190,R03,C29,OHG,27,1979,768412.69
F00191,R04,C10,Einzelunternehmen,23,1970,139781.33
F00192,R05,C29,Einzelunternehmen,32,2006,163076.06
F00193,R02,C29,Einzelunternehmen,21,1985,122039.41
F00194,R01,C10,GmbH,45,1991,129756.37
F00195,R01,C10,KG,31,1981,176661.54
F00196,R05,C29,OHG,27,2022,66124.39
F00197,R10,C29,GmbH,23,1974,523827.06
F00198,R05,C10,KG,37,1992,212164.08
F00199,R06,G47,KG,17,2000,506979.59
F00200,R04,H49,Einzelunternehmen,28,1990,107275.65
F00201,R09,H49,Einzelunternehmen,20,2006,166762.05
F00202,R04,I55,Einzelunternehmen,21,2005,38682.54
F00203,R07,G47,OHG,29,1984,22847.36
F00204,R02,C29,OHG,34,1991,60082.16
F00205,R09,C10,AG,29,2011,217391.23
F00206,R10,I55,GmbH,18,2011,536742.2
F00207,R06,I55,KG,25,2012,822014.05
F00208,R02,G47,OHG,27,1968,72594.77
F00209,R03,I55,GmbH,25,1972,158097.63
F00210,R08,H49,Einzelunternehmen,26,1965,69896.93
F00211,R09,C10,AG,20,2008,64166.16
F00212,R06,I56,GmbH,28,2013,125649.57
F00213,R04,H49,Einzelunternehmen,27,1985,48992.66
F00214,R02,I55,OHG,32,1968,169718.6
F00215,R04,H49,GmbH,28,1972,73115.37
F00216,R05,H49,KG,17,1997,611159.01
F00217,R10,H49,AG,22,1991,93121.24
F00218,R04,G47,KG,21,2002,217299.85
F00219,R04,G47,OHG,25,1985,1339902.37
F00220,R02,G47,AG,21,1968,234462.63
F00221,R10,C10,Einzelunternehmen,24,1975,206169.51
F00222,R02,G47,GmbH,22,1976,31025.77
F00223,R02,I56,KG,20,1986,178348.75
F00224,R03,I56,KG,27,2000,241083.62
F00225,R09,H49,AG,23,1992,273227.42
F00226,R09,G47,Einzelunternehmen,26,2020,342330.04
F00227,R07,C29,GmbH,31,1980,112437.98
F00228,R08,H49,GmbH,32,2014,841490.96
F00229,R07,H49,KG,23,1992,43774.88
F00230,R08,I56,KG,33,2021,187709.96
F00231,R06,H49,KG,18,1991,130719.58
F00232,R01,C10,KG,27,1975,21890.45
F00233,R08,I56,OHG,27,2001,109661.05
F00234,R10,H49,OHG,28,2008,267873.77
F00235,R01,C10,KG,35,1993,401364.08
F00236,R06,H49,KG,28,2004,27647.59
F00237,R07,I56,Einzelunternehmen,29,1978,187787.47
F00238,R09,H49,Einzelunternehmen,24,2010,305608.22
F00239,R03,C10,GmbH,23,1990,62619.25
F00240,R03,I55,AG,29,2009,94402.4
F00241,R01,C10,Einzelunternehmen,38,2020,78515.13
F00242,R09,C10,OHG,32,1966,90670.58
F00243,R09,C10,Einzelunternehmen,17,1978,125302
F00244,R10,I55,OHG,21,2018,68839.97
F00245,R10,I56,Einzelunternehmen,31,1992,180265.09
F00246,R08,C29,AG,27,2013,123552.96
F00247,R09,H49,GmbH,19,1979,298973.36
F00248,R01,H49,AG,26,1975,536923.62
F00249,R10,C10,GmbH,32,1971,135268.58
F00250,R01,I56,OHG,34,2018,318824.11
F00251,R06,I55,AG,30,2003,279906.9
F00252,R06,C10,Einzelunternehmen,32,1983,426567.23
F00253,R08,G47,KG,27,1976,197279.75
F00254,R02,I56,GmbH,27,2015,103540.72
F00255,R03,G47,Einzelunternehmen,26,1995,47454.88
F00256,R09,I55,OHG,23,2005,864813.11
F00257,R09,I55,Einzelunternehmen,28,1987,132001.64
F00258,R03,I55,GmbH,28,1988,81250.22
F00259,R09,C29,GmbH,25,1998,121789.59
F00260,R05,H49,AG,35,1986,59281.91
F00261,R02,H49,GmbH,26,1969,158196.75
F00262,R03,C29,KG,31,2020,47358.07
F00263,R05,I56,OHG,27,2012,395965.99
F00264,R10,G47,Einzelunternehmen,28,1988,173805.31
F00265,R05,C29,GmbH,30,2011,141169.66
F00266,R06,G47,KG,28,1992,238039.91
F00267,R03,C10,GmbH,26,1966,430779.65
F00268,R09,I56,AG,19,1987,570527.65
F00269,R03,I56,OHG,33,2000,11478.75
F00270,R07,H49,Einzelunternehmen,30,1976,459624.09
F00271,R01,I56,Einzelunternehmen,17,2022,729732.09
F00272,R01,C10,OHG,28,1979,334901.82
F00273,R01,G47,AG,23,1995,149282.05
F00274,R05,I56,OHG,22,2019,173260.38
F00275,R06,G47,AG,28,1968,363203.54
F00276,R02,H49,AG,26,2022,462933.94
F00277,R01,G47,GmbH,29,2002,377532.27
F00278,R09,H49,AG,38,2005,194828.69
F00279,R08,I55,KG,21,1971,102374.74
F00280,R03,G47,OHG,22,1980,149801.15
F00281,R03,C10,KG,20,1984,49861.12
F00282,R02,H49,GmbH,31,1982,447326.71
F00283,R07,C10,KG,27,1977,610229.23
F00284,R04,C29,KG,24,1994,254939.71
F00285,R05,C10,OHG,30,2001,103091.69
F00286,R04,C29,Einzelunternehmen,21,1969,103450.64
F00287,R09,C10,KG,25,1993,51952.6
F00288,R03,C10,GmbH,19,1977,297611.85
F00289,R09,C29,OHG,22,1982,235245.15
F00290,R07,I55,OHG,20,1966,83506.36
F00291,R09,H49,AG,25,1996,559825.74
F00292,R08,G47,GmbH,23,2014,1492556.25
F00293,R09,G47,Einzelunternehmen,27,2018,238558.11
F00294,R04,H49,Einzelunternehmen,21,2016,103527.94
F00295,R05,C29,OHG,28,2019,219069.89
F00296,R01,G47,GmbH,26,1994,155125.61
F00297,R08,I56,OHG,24,1972,980417.84
F00298,R02,C29,KG,21,1996,57430.53
F00299,R05,G47,Einzelunternehmen,25,1991,99325.61
F00300,R08,C10,OHG,30,2018,79709.48
F00301,R04,H49,OHG,26,1994,46360.63
F00302,R06,H49,GmbH,34,2010,526510.41
F00303,R07,C10,OHG,24,1983,15426.19
F00304,R04,C29,GmbH,23,1974,217776.95
F00305,R07,G47,KG,30,1993,30293.22
F00306,R04,I56,OHG,14,1991,100553.99
F00307,R08,I56,OHG,27,1981,22161.37
F00308,R09,I55,Einzelunternehmen,24,1996,141272.24
F00309,R03,C29,Einzelunternehmen,19,1981,95380.64
F00310,R04,I55,Einzelunternehmen,24,2011,2010946.46
F00311,R06,I56,KG,32,2007,339460.48
F00312,R05,C10,Einzelunternehmen,19,1986,239068.45
F00313,R09,I56,OHG,20,1974,123143.59
F00314,R05,G47,KG,31,1967,458778.42
F00315,R08,C10,AG,26,2013,268701.34
F00316,R03,H49,AG,21,1978,245097.98
F00317,R03,I55,OHG,18,1971,96535.49
F00318,R06,C10,Einzelunternehmen,20,2010,244512.08
F00319,R01,G47,Einzelunternehmen,27,1969,309388.22
F00320,R07,I55,OHG,37,2022,24267.17
F00321,R03,C10,KG,24,2006,166345.71
F00322,R09,H49,Einzelunternehmen,28,2007,300321.55
F00323,R08,G47,OHG,31,2002,73958.43
F00324,R08,C10,KG,25,2000,246827.98
F00325,R03,C10,KG,17,1978,247491.61
F00326,R02,C10,AG,25,1990,166920.17
F00327,R09,C29,GmbH,28,2011,50500.18
F00328,R02,G47,KG,26,2022,117039.51
F00329,R07,C10,GmbH,38,1972,92865.42
F00330,R02,I56,AG,19,1985,70435.65
F00331,R06,C29,GmbH,29,1991,341003.95
F00332,R01,I55,Einzelunternehmen,30,1982,50884.89
F00333,R03,H49,Einzelunternehmen,32,1991,293315.82
F00334,R05,C29,GmbH,17,1970,32620.14
F00335,R09,H49,OHG,29,1967,227577.47
F00336,R03,I56,OHG,26,1988,232571.52
F00337,R07,I55,AG,29,1986,63862.95
F00338,R06,I56,OHG,26,1989,169836.18
F00339,R01,I56,KG,30,1990,412976.63
F00340,R05,C29,OHG,30,1974,104788.83
F00341,R04,C10,KG,30,1983,166244.86
F00342,R05,I55,Einzelunternehmen,26,2009,530134.66
F00343,R07,I56,Einzelunternehmen,29,1977,242100.18
F00344,R10,H49,OHG,24,1975,73480.34
F00345,R04,I56,OHG,25,1971,164745.68
F00346,R08,I55,Einzelunternehmen,24,2019,552523.07
F00347,R06,I56,GmbH,26,1968,405065.71
F00348,R04,G47,AG,25,1974,184734.16
F00349,R08,I56,Einzelunternehmen,28,2006,105675.55
F00350,R01,I55,GmbH,19,1983,103720.36
F00351,R09,C29,GmbH,22,1973,87014.21
F00352,R06,C10,GmbH,34,1995,426852.57
F00353,R02,H49,Einzelunternehmen,25,2008,233232.93
F00354,R03,I56,GmbH,27,1983,157597.44
F00355,R01,C29,Einzelunternehmen,31,2000,178788.47
F00356,R04,C10,Einzelunternehmen,26,1989,98289.44
F00357,R05,G47,AG,26,1982,170806.1
F00358,R05,C10,Einzelunternehmen,28,1971,88739.31
F00359,R09,I55,Einzelunternehmen,32,2004,342680.83
F00360,R02,C29,KG,32,2001,1131806.57
F00361,R09,H49,OHG,28,1967,83745.5
F00362,R01,G47,AG,22,1999,1069739.08
F00363,R04,C10,KG,24,1996,55757.38
F00364,R03,I55,OHG,23,1986,51008.99
F00365,R03,I55,Einzelunternehmen,23,1976,363765.52
F00366,R01,H49,KG,29,2010,743738.84
F00367,R10,C10,OHG,22,1982,30253.38
F00368,R01,I55,GmbH,28,1998,356691.97
F00369,R04,H49,KG,34,2020,49313.02
F00370,R03,H49,GmbH,18,1974,486313.03
F00371,R07,I55,Einzelunternehmen,23,1988,411099.74
F00372,R04,G47,OHG,25,1973,231199.04
F00373,R07,I55,Einzelunternehmen,21,1974,203446.78
F00374,R10,I55,AG,21,1972,564559.79
F00375,R02,C29,KG,26,1971,351743.28
F00376,R07,G47,KG,19,2021,101499.55
F00377,R05,C29,OHG,24,2022,1536553.34
F00378,R05,G47,GmbH,29,2014,106621.72
F00379,R06,I56,KG,31,2012,171687.96
F00380,R05,C10,OHG,18,1994,335680.49
F00381,R03,I56,AG,30,1981,64545.28
F00382,R10,C29,GmbH,35,1973,119434.33
F00383,R03,G47,GmbH,24,2007,38481.04
F00384,R06,I56,KG,28,2014,181733.62
F00385,R09,C29,KG,22,2014,356891.22
F00386,R04,I56,AG,26,1975,172755.76
F00387,R09,H49,Einzelunternehmen,23,2005,116360.44
F00388,R08,H49,KG,17,2022,191729.11
F00389,R06,G47,AG,24,1994,89176.18
F00390,R03,I55,GmbH,28,1965,237397.78
F00391,R10,I55,Einzelunternehmen,27,1994,117840.29
F00392,R02,G47,AG,28,1988,173209
F00393,R08,H49,Einzelunternehmen,29,1971,39315.39
F00394,R04,I55,OHG,25,2007,161176.72
F00395,R02,C10,OHG,26,1995,180002.52
F00396,R03,C29,AG,27,2005,69653.61
F00397,R05,H49,Einzelunternehmen,29,1992,248138.01
F00398,R09,H49,Einzelunternehmen,25,1983,138393.42
F00399,R02,I55,OHG,31,2003,73106.32
F00400,R10,H49,AG,32,2014,56632.9
F00401,R10,G47,OHG,31,1982,221305.57
F00402,R05,I55,KG,27,1974,69894.09
F00403,R04,I56,AG,36,2021,534633.55
F00404,R06,C29,OHG,18,2000,79912.82
F00405,R04,I55,OHG,30,1991,89707.72
F00406,R01,H49,GmbH,32,1968,19486.75
F00407,R10,H49,AG,27,1997,61584.64
F00408,R10,H49,KG,25,1968,272399.59
F00409,R05,G47,OHG,26,1980,784860.84
F00410,R10,I56,AG,22,1991,164596.04
F00411,R04,I56,AG,27,2007,892276.9
F00412,R07,G47,AG,36,1980,97222.91
F00413,R06,H49,OHG,29,1968,727701.4
F00414,R07,C10,KG,25,1969,98754.96
F00415,R06,I56,OHG,28,1971,228187.52
F00416,R08,G47,KG,26,1965,691880.4
F00417,R01,C10,OHG,25,1989,319221.29
F00418,R08,I56,KG,26.5,2016,13681.37
F00419,R02,H49,GmbH,34,2004,59710.26
F00420,R04,C29,KG,31,1984,83271.13
F00421,R01,C29,AG,19,1993,671324.86
F00422,R10,G47,Einzelunternehmen,23,1995,69146.4
F00423,R09,I55,OHG,26,1987,47401.78
F00424,R07,C29,GmbH,24,1967,153720.99
F00425,R04,H49,AG,31,2001,37659.98
F00426,R06,G47,Einzelunternehmen,34,2022,139301.16
F00427,R07,C10,KG,28,1965,179113.88
F00428,R10,G47,Einzelunternehmen,26,2021,41685.87
F00429,R09,H49,AG,26,1992,99844.04
F00430,R09,I56,AG,26,2020,146295.37
F00431,R08,H49,AG,25,2003,1505613.23
F00432,R07,C29,AG,20,1991,266303.87
F00433,R03,C10,KG,24,2005,174931.35
F00434,R08,H49,GmbH,28,2013,333461.8
F00435,R02,H49,GmbH,25,2001,87500.74
F00436,R08,I56,AG,30,1965,124092.86
F00437,R04,H49,Einzelunternehmen,32,2006,103069.12
F00438,R09,I56,KG,32,2006,37553.08
F00439,R09,I56,KG,32,2022,125253.05
F00440,R01,I55,OHG,31,1999,28632.7
F00441,R10,I55,KG,20,2008,52962.14
F00442,R03,I55,KG,28,2016,85643.99
F00443,R01,G47,Einzelunternehmen,35,1969,15776.87
F00444,R02,I56,KG,23,1968,61769.03
F00445,R05,I56,Einzelunternehmen,36,2001,210121.12
F00446,R03,H49,Einzelunternehmen,20,1969,65514.86
F00447,R02,I56,Einzelunternehmen,25,2015,208323.11
F00448,R08,H49,GmbH,22,1984,392305.4
F00449,R09,C29,AG,31,2008,102658.85
F00450,R05,G47,OHG,24,2013,43266.43
F00451,R06,I56,Einzelunternehmen,24,1979,990546.69
F00452,R05,C10,AG,20,2002,118903.16
F00453,R08,I55,GmbH,38,1994,8127.42
F00454,R08,I55,Einzelunternehmen,22,1969,137423.94
F00455,R08,C29,Einzelunternehmen,23,2002,47499.94
F00456,R09,C10,AG,25,2010,260077.1
F00457,R01,C10,KG,28,1991,50844.18
F00458,R06,I56,AG,24,1984,166228.47
F00459,R09,I55,OHG,31,1978,2582516.71
F00460,R01,H49,Einzelunternehmen,27,1978,47294.97
F00461,R02,I56,AG,32,1978,312987.5
F00462,R06,I56,KG,22,1996,108380.38
F00463,R06,G47,KG,40,2015,225487.33
F00464,R01,C10,KG,13,1994,38561.12
F00465,R02,G47,GmbH,27,1992,145267.61
F00466,R05,I55,AG,32,1969,567721.78
F00467,R09,C29,KG,22,1983,28469.84
F00468,R08,I56,Einzelunternehmen,28,2020,48539.18
F00469,R10,I56,GmbH,30,2000,209223.59
F00470,R10,I55,GmbH,23,2010,99486.88
F00471,R06,C29,AG,25,1979,285619.49
F00472,R09,G47,AG,23,1988,795962.59
F00473,R03,I55,OHG,16,1978,1678146.97
F00474,R04,I56,OHG,30,2022,50897.36
F00475,R06,I56,OHG,22,2019,1172332.76
F00476,R10,I55,OHG,18,2011,67499.83
F00477,R01,C10,AG,24,1992,67701.1
F00478,R04,G47,GmbH,24,2010,252803.97
F00479,R06,I56,KG,33,2010,174223.61
F00480,R10,I55,Einzelunternehmen,28,1990,728463.49
F00481,R06,C10,Einzelunternehmen,32,2020,292108.57
F00482,R08,I55,GmbH,25,2008,179342.82
F00483,R04,I55,OHG,27,2000,358225.35
F00484,R06,C10,AG,31,1975,172039.54
F00485,R04,H49,OHG,29,1979,569184.44
F00486,R04,G47,OHG,31,1982,162627.9
F00487,R06,G47,Einzelunternehmen,30,1980,49997.88
F00488,R08,I56,OHG,23,1981,27086.51
F00489,R08,C10,OHG,30,1974,241129.06
F00490,R06,C29,OHG,18,2022,88513.32
F00491,R10,H49,GmbH,30,2011,134470.36
F00492,R08,I56,KG,34,2005,281842.86
F00493,R06,I55,Einzelunternehmen,25,2000,211389.71
F00494,R07,I56,GmbH,35,1966,333549.68
F00495,R01,C29,GmbH,20,1982,12454.43
F00496,R01,C10,OHG,24,2020,106247.51
F00497,R09,H49,Einzelunternehmen,17,2000,96654.95
F00498,R04,I56,KG,23,2006,459792.29
F00499,R10,H49,Einzelunternehmen,24,1989,174168.54
F00500,R08,I56,AG,25,1972,266820.15
F00501,R03,I55,OHG,32,1994,398291.41
F00502,R10,C10,GmbH,22,1970,33210.67
F00503,R10,I55,AG,24,1993,138216.74
F00504,R04,C10,GmbH,21,2022,51094.95
F00505,R10,C10,Einzelunternehmen,22,1969,91948.26
F00506,R10,I55,Einzelunternehmen,24,1968,16669.05
F00507,R06,H49,OHG,28,1972,91334.87
F00508,R10,C29,GmbH,26,1998,1176156.92
F00509,R08,C10,AG,23,2010,24442.2
F00510,R03,G47,Einzelunternehmen,32,2004,143613.73
F00511,R07,C29,OHG,19,1991,142047.44
F00512,R06,I56,AG,27,2003,721587.59
F00513,R05,I56,KG,33,1967,280370.72
F00514,R06,I56,OHG,24,2022,117569.98
F00515,R08,I55,GmbH,28,2021,1293332.33
F00516,R04,G47,Einzelunternehmen,32,1976,22614.24
F00517,R04,C10,KG,30,1975,1362750.18
F00518,R06,H49,GmbH,22,1966,511913.64
F00519,R08,C29,AG,22,1966,223060.63
F00520,R06,I56,GmbH,28,1969,363897.02
F00521,R05,I55,GmbH,37,2014,144299.36
F00522,R04,C29,GmbH,24,2006,109800.59
F00523,R06,I56,OHG,21,1986,73341.78
F00524,R10,H49,OHG,20,2003,467464.55
F00525,R01,I56,KG,26,1986,192987.37
F00526,R01,C29,Einzelunternehmen,22,2006,27263.28
F00527,R01,G47,AG,23,1999,212960.28
F00528,R09,I56,Einzelunternehmen,22,2012,52014.35
F00529,R05,C29,AG,27,2002,109623.4
F00530,R09,H49,Einzelunternehmen,22,1967,332276.92
F00531,R04,G47,OHG,25,1976,63372.36
F00532,R10,G47,OHG,33,1991,227412.71
F00533,R02,I55,GmbH,31,1995,812144.91
F00534,R07,I56,AG,21,1971,171757.4
F00535,R06,I56,OHG,20,1969,79874.85
F00536,R02,C29,Einzelunternehmen,23,1966,58095.51
F00537,R10,H49,AG,29,1998,238569.17
F00538,R04,I55,OHG,26,2007,439261.88
F00539,R01,H49,KG,29,2001,2179184.17
F00540,R08,H49,OHG,32,2003,847442.86
F00541,R07,H49,GmbH,26,1982,141440.29
F00542,R07,G47,OHG,24,1984,187467.88
F00543,R09,C29,OHG,32,1993,542180.69
F00544,R01,C10,OHG,36,2005,243649.96
F00545,R05,I55,KG,35,1979,600770.14
F00546,R08,C10,Einzelunternehmen,25,1987,745203.9
F00547,R03,G47,GmbH,21,1998,112937.44
F00548,R02,I55,AG,27,2014,45346.99
F00549,R01,C29,AG,24,2006,491058.34
F00550,R01,I56,KG,19,2012,58885.58
F00551,R05,I56,OHG,28,1967,89422.71
F00552,R03,C10,KG,28,2022,437071.04
F00553,R06,C10,AG,22,1984,113474.38
F00554,R01,I55,Einzelunternehmen,25,1979,347876.94
F00555,R06,H49,GmbH,27,1996,267447.39
F00556,R07,I56,Einzelunternehmen,26,1996,82391.54
F00557,R02,C29,Einzelunternehmen,30,1993,49497.58
F00558,R09,C29,GmbH,22,1972,82650.63
F00559,R09,I55,KG,37,2001,212792.28
F00560,R07,C10,OHG,16,2014,111767.46
F00561,R06,I56,Einzelunternehmen,31,2012,105730.71
F00562,R09,C29,AG,20,2018,151578.76
F00563,R10,C10,OHG,30,1990,92391.26
F00564,R10,G47,KG,27,1966,326484.1
F00565,R03,C29,KG,28,1986,81537.49
F00566,R09,C10,Einzelunternehmen,30,2017,705562.24
F00567,R01,C29,OHG,21,1997,136511.39
F00568,R07,C29,KG,27,1980,84226.59
F00569,R05,H49,Einzelunternehmen,32,1978,73383.04
F00570,R06,C29,OHG,37,1982,267088.22
F00571,R06,H49,OHG,28,2013,223752.86
F00572,R09,I55,KG,27,1971,571680.27
F00573,R01,I56,OHG,27,1991,634066.31
F00574,R10,I55,OHG,24,1966,53986.86
F00575,R04,G47,Einzelunternehmen,24,2016,127016.26
F00576,R05,C10,KG,30,1995,300527.12
F00577,R05,I55,OHG,22,1981,235744.99
F00578,R08,G47,AG,27,1972,113358.25
F00579,R02,I56,OHG,23,1986,75041.06
F00580,R10,H49,OHG,15,1979,253253.57
F00581,R05,C10,AG,26,2007,111748.98
F00582,R09,C29,AG,28,1992,47859.97
F00583,R06,I56,Einzelunternehmen,26,1990,148164.37
F00584,R08,G47,Einzelunternehmen,15,1971,200339.59
F00585,R05,C29,Einzelunternehmen,35,1970,273954.81
F00586,R06,I55,Einzelunternehmen,23,2002,69758.87
F00587,R05,I56,AG,27,2006,20733.76
F00588,R04,C29,Einzelunternehmen,28,1979,82446.66
F00589,R04,G47,GmbH,27,1982,107407.75
F00590,R08,I56,AG,24,2002,61263.81
F00591,R05,H49,AG,25,1989,287900.49
F00592,R06,I56,KG,27,2005,685026.08
F00593,R01,I55,KG,22,2002,123121.66
F00594,R01,G47,Einzelunternehmen,32,2018,272666.16
F00595,R04,I55,Einzelunternehmen,41,2002,280631.82
F00596,R09,H49,KG,26,1968,497901.04
F00597,R02,I56,KG,26,1986,78239.22
F00598,R04,C29,GmbH,33,1978,132765.14
F00599,R02,C10,Einzelunternehmen,23,2013,22979.6
F00600,R04,G47,OHG,27,1997,566665.48
F00601,R01,I56,AG,22,2019,73779.59
F00602,R03,C10,OHG,27,1975,34553.52
F00603,R08,C10,KG,18,2003,412691.93
F00604,R06,C29,OHG,25,1989,206812.38
F00605,R07,G47,KG,23,2009,534672.48
F00606,R06,I56,AG,28,1977,58443.41
F00607,R03,H49,GmbH,28,1982,232246.86
F00608,R09,C10,OHG,22,1983,118796.36
F00609,R10,I55,KG,20,1990,44091.88
F00610,R10,C10,GmbH,30,2009,640197.19
F00611,R02,I56,GmbH,25,2002,200528.59
F00612,R09,G47,OHG,25,2022,314128.24
F00613,R04,I56,GmbH,22,1968,141938.28
F00614,R06,I56,Einzelunternehmen,30,1995,325713.84
F00615,R09,C10,OHG,18,1969,133851.8
F00616,R10,I56,AG,29,1988,131800.83
F00617,R08,C10,GmbH,14,1987,498074.42
F00618,R04,C10,AG,27,2006,126036.55
F00619,R05,I55,OHG,18,2009,89789.83
F00620,R09,H49,OHG,20,1976,43113.27
F00621,R08,I55,GmbH,20,2000,475125.48
F00622,R03,C29,GmbH,24,2010,507802.1
F00623,R06,I55,OHG,29,1968,27446.33
F00624,R05,C10,GmbH,28,1971,75237.22
F00625,R04,C29,KG,21,1978,78438.63
F00626,R01,C29,Einzelunternehmen,22,2013,130473.41
F00627,R03,I55,GmbH,22,1988,136389.24
F00628,R09,G47,AG,21,1979,410060.57
F00629,R03,I56,OHG,29,2016,864866.75
F00630,R01,C29,GmbH,24,2015,47802.35
F00631,R09,H49,KG,30,2013,31474.05
F00632,R05,H49,KG,14,1974,77296.13
F00633,R06,H49,Einzelunternehmen,22,2017,167969.98
F00634,R06,H49,Einzelunternehmen,24,1971,209092.86
F00635,R05,C29,Einzelunternehmen,20,1975,113109.89
F00636,R03,C29,AG,31,1970,110949.76
F00637,R10,C29,Einzelunternehmen,28,2006,260803.22
F00638,R02,H49,OHG,29,2008,144065.94
F00639,R06,G47,KG,26,1975,31577.98
F00640,R01,G47,KG,26,1965,57353.56
F00641,R09,G47,KG,29,2019,148940.07
F00642,R03,I56,AG,22,2007,100852.23
F00643,R10,C29,KG,31,1967,17146.82
F00644,R05,C10,OHG,22,1984,35554.83
F00645,R05,C10,OHG,37,2021,63623.67
F00646,R08,G47,GmbH,23,1979,192957.58
F00647,R09,I56,AG,19,1982,276176.87
F00648,R07,I55,KG,16,1989,75095.15
F00649,R04,G47,AG,24,2001,179532.77
F00650,R10,C29,KG,14,2014,105928.56
F00651,R05,C10,AG,24,2006,563073.63
F00652,R01,G47,AG,22,2020,83635.59
F00653,R07,I56,GmbH,22,1995,765322.73
F00654,R04,I56,KG,26,1979,62714.58
F00655,R09,C29,GmbH,20,1967,176731.98
F00656,R05,C29,KG,24,1985,29824.93
F00657,R06,C29,KG,27,2022,82837.35
F00658,R04,C29,OHG,19,1973,160189.43
F00659,R07,I55,GmbH,32,1992,289726.22
F00660,R07,I55,KG,23,1996,88134.61
F00661,R09,I55,OHG,25,1981,163770.89
F00662,R09,C10,Einzelunternehmen,29,1981,380225.38
F00663,R03,H49,KG,19,1976,135255.99
F00664,R07,G47,KG,26,2004,166312.87
F00665,R06,C29,Einzelunternehmen,23,1991,150792.53
F00666,R06,I56,OHG,22,1975,267556.8
F00667,R10,C29,AG,22,2002,253336.74
F00668,R04,C29,OHG,30,1972,454396.24
F00669,R02,C10,KG,24,1985,103241.22
F00670,R05,C10,GmbH,17,1994,2290870.09
F00671,R04,C29,KG,20,1995,158905.23
F00672,R01,I56,AG,25,1994,79160.88
F00673,R09,I56,Einzelunternehmen,20,1999,386061.2
F00674,R02,C10,GmbH,21,1979,184394.81
F00675,R06,C10,GmbH,26,1985,1852650.33
F00676,R02,C10,Einzelunternehmen,27,1994,100783.16
F00677,R09,I56,KG,26,1972,19284.84
F00678,R09,C10,OHG,20,2006,591898.54
F00679,R03,C10,AG,27,1995,567190.2
F00680,R07,G47,Einzelunternehmen,25,1995,163193.63
F00681,R06,C29,AG,33,1995,39942.67
F00682,R09,C29,KG,21,2005,1302796.81
F00683,R03,I55,Einzelunternehmen,17,2003,609891.3
F00684,R03,I56,GmbH,22,1988,152034.97
F00685,R08,I55,OHG,22,1975,145657.58
F00686,R10,C10,AG,21,1983,265552.69
F00687,R08,G47,Einzelunternehmen,27,1995,146597.22
F00688,R07,G47,Einzelunternehmen,19,1985,340798.87
F00689,R10,I55,KG,20,2004,48838.46
F00690,R06,H49,OHG,24,1983,640515.86
F00691,R03,C10,OHG,24,1983,36583.97
F00692,R01,C10,GmbH,31,2000,93697.84
F00693,R09,H49,GmbH,19,2010,144364.21
F00694,R01,H49,KG,34,1977,425576.46
F00695,R07,G47,AG,26,2001,52677.35
F00696,R10,C10,OHG,27,1993,190485.43
F00697,R02,C10,Einzelunternehmen,23,1984,136368.29
F00698,R07,I56,KG,23,1986,31159.92
F00699,R04,C10,KG,34,1970,52729.78
F00700,R04,C10,KG,27,2003,359603.58
F00701,R05,H49,GmbH,19,2003,181293.42
F00702,R03,C29,OHG,25,2002,216823.1
F00703,R09,G47,Einzelunternehmen,32,1972,104978.11
F00704,R07,H49,OHG,21,2010,409367.39
F00705,R06,C29,GmbH,27,1996,330301.89
F00706,R09,I56,KG,19,1983,46323.95
F00707,R09,I56,OHG,24,1978,433839.02
F00708,R10,H49,GmbH,30,1987,26877.52
F00709,R10,G47,GmbH,24,2011,117557.61
F00710,R09,C29,KG,21,2016,127479.28
F00711,R08,I55,GmbH,25,1998,946048.27
F00712,R02,I55,Einzelunternehmen,22,1998,196473.68
F00713,R06,C10,GmbH,23,2018,94918.51
F00714,R05,H49,KG,28,2019,63404.07
F00715,R08,H49,GmbH,16,2015,32753.54
F00716,R03,I55,OHG,33,2009,190845.68
F00717,R10,I56,KG,24,2006,160870.42
F00718,R01,I56,OHG,15,1975,275740.43
F00719,R01,I56,KG,31,2022,126617.44
F00720,R10,G47,AG,28,1974,22893.94
F00721,R09,H49,OHG,25,2004,94677.78
F00722,R10,I56,OHG,23,2004,20904.04
F00723,R01,C29,OHG,24,2019,169713.77
F00724,R05,C10,KG,23,1966,135771.74
F00725,R09,C10,OHG,34,1989,164310.52
F00726,R02,C10,Einzelunternehmen,21,1981,42798.31
F00727,R08,I56,Einzelunternehmen,28,1984,198506.9
F00728,R06,C29,KG,19,2016,208561.45
F00729,R04,I55,KG,20,1967,274732.44
F00730,R02,I55,GmbH,21,1982,69507.38
F00731,R05,C10,KG,31,1989,1316442.3
F00732,R02,C29,Einzelunternehmen,29,1990,496121.91
F00733,R08,I55,KG,25,1986,249418.56
F00734,R02,H49,KG,18,2015,88213.1
F00735,R05,I55,GmbH,26,1969,137303.67
F00736,R10,C29,Einzelunternehmen,18,2011,370900.83
F00737,R03,C10,GmbH,29,2008,134296.07
F00738,R08,I56,OHG,23,1987,12164.84
F00739,R04,I55,AG,23,1983,508172.34
F00740,R05,C29,KG,28,1972,29423.87
F00741,R04,I56,OHG,27,1970,93816.67
F00742,R05,C10,OHG,29,2000,317365.29
F00743,R10,C10,Einzelunternehmen,30,1987,182004.6
F00744,R09,H49,Einzelunternehmen,25,2003,149529.7
F00745,R09,C10,KG,22,1989,164303.39
F00746,R03,C10,KG,26,1967,112756.99
F00747,R08,C10,GmbH,22,1972,455952.63
F00748,R02,I55,KG,27,2017,245694.08
F00749,R09,H49,Einzelunternehmen,30,2003,550113.11
F00750,R01,H49,OHG,26,1982,97889.07
F00751,R06,H49,AG,33,1967,109322.14
F00752,R08,I55,OHG,24,1965,880038.31
F00753,R09,C29,OHG,29,1974,90337.84
F00754,R04,I55,Einzelunternehmen,30,1994,70927.05
F00755,R10,I56,Einzelunternehmen,25,1967,34204.87
F00756,R09,H49,AG,22,1976,437368.94
F00757,R09,C10,Einzelunternehmen,29,1965,392263.07
F00758,R10,H49,Einzelunternehmen,25,2010,324822.4
F00759,R08,H49,AG,21,1979,269279.22
F00760,R09,C10,Einzelunternehmen,37,1993,318515.2
F00761,R09,I55,GmbH,27,1995,392293.01
F00762,R10,I55,Einzelunternehmen,27,2007,200926.13
F00763,R02,C10,GmbH,25,2002,142374.48
F00764,R01,H49,OHG,29,1993,1326991.9
F00765,R07,C29,OHG,20,1973,276343.77
F00766,R05,G47,Einzelunternehmen,17,1984,77956.95
F00767,R01,I56,AG,24,1994,60376.31
F00768,R10,I55,AG,34,2013,67606.35
F00769,R01,C10,Einzelunternehmen,23,2006,135736.32
F00770,R01,G47,GmbH,28,2009,453461.56
F00771,R08,C29,AG,32,1975,54175.02
F00772,R09,C10,KG,26,2012,252190.02
F00773,R06,C10,OHG,38,1993,338094.89
F00774,R02,I55,Einzelunternehmen,22,2005,218943.92
F00775,R02,C10,AG,19,2005,68032.63
F00776,R07,C29,KG,21,1999,64690.29
F00777,R04,G47,KG,35,1994,220312.67
F00778,R01,G47,Einzelunternehmen,21,2013,76036.49
F00779,R03,H49,AG,27,2008,228350.5
F00780,R02,C29,GmbH,27,2014,142995.24
F00781,R10,C29,KG,32,2008,451637.53
F00782,R02,H49,GmbH,31,2007,130032.15
F00783,R10,C10,KG,15,1975,60503
F00784,R06,H49,AG,31,2018,155577.87
F00785,R03,C10,OHG,23,1969,68580.16
F00786,R04,H49,KG,24,2015,1056551.59
F00787,R10,I56,GmbH,19,2004,278323.29
F00788,R05,I56,OHG,21,2016,138079.82
F00789,R09,H49,AG,19,1984,161759.42
F00790,R07,C10,Einzelunternehmen,22,2014,996085.73
F00791,R01,I55,KG,24,1966,552938.79
F00792,R01,G47,KG,27,1988,34767.96
F00793,R02,G47,GmbH,21,1977,74717.91
F00794,R10,I55,AG,22,2012,189701.42
F00795,R07,G47,GmbH,30,2015,191449.83
F00796,R02,H49,OHG,17,1965,101831.67
F00797,R02,C29,AG,26,1980,111429.68
F00798,R06,I55,KG,36,1984,121695
F00799,R08,I55,OHG,21,1992,222892.56
F00800,R05,G47,OHG,21,2017,33834.37
F00801,R02,I56,OHG,26,1974,322327.29
F00802,R01,H49,KG,26,1970,231878.64
F00803,R04,C10,GmbH,16,1973,993572.62
F00804,R09,C10,KG,30,2001,1370154.13
F00805,R08,C29,GmbH,22,1976,235295.1
F00806,R05,G47,KG,20,1989,235477.05
F00807,R04,C29,KG,28,2017,278119.72
F00808,R05,C10,GmbH,26,1981,262190.52
F00809,R01,G47,KG,22,1969,203031.2
F00810,R09,I55,KG,21,2005,353627.32
F00811,R09,G47,AG,18,1987,171927.44
F00812,R02,G47,AG,26,2009,835984.48
F00813,R08,H49,Einzelunternehmen,21,1985,167583.35
F00814,R07,I55,AG,28,1971,20875.59
F00815,R03,C29,GmbH,17,1977,210924.42
F00816,R10,H49,GmbH,18,1970,374544.81
F00817,R09,C29,Einzelunternehmen,28,1988,19685.95
F00818,R06,I56,GmbH,31,1989,70548.86
F00819,R10,I56,KG,20,2006,272021.11
F00820,R01,I56,GmbH,26,1996,42713.3
F00821,R02,I55,KG,22,1998,224888.53
F00822,R01,H49,OHG,33,1988,27920.26
F00823,R10,I56,AG,30,1987,963674.23
F00824,R10,I55,OHG,30,1967,163864.62
F00825,R05,H49,GmbH,21,2001,554313.04
F00826,R03,G47,AG,26,1977,1035996.55
F00827,R06,I55,OHG,33,1992,86954.88
F00828,R03,C10,AG,22,2012,200748.62
F00829,R02,H49,GmbH,23,2010,1102722.28
F00830,R02,G47,AG,27,1991,54070.06
F00831,R06,G47,AG,24,2002,171030.63
F00832,R07,C10,Einzelunternehmen,27,1979,203742.31
F00833,R08,C29,KG,17,2019,177598.18
F00834,R02,G47,Einzelunternehmen,21,2010,355034.39
F00835,R08,G47,GmbH,25,1999,221188.14
F00836,R10,I56,GmbH,18,1989,708466.88
F00837,R10,I56,KG,26,1980,124706.76
F00838,R03,C10,Einzelunternehmen,21,1968,1049931.93
F00839,R02,I56,Einzelunternehmen,27,1998,895330.08
F00840,R01,G47,OHG,19,1970,454578.74
F00841,R01,C10,Einzelunternehmen,28,1996,30599.49
F00842,R08,C10,OHG,18,2011,243101.88
F00843,R01,H49,OHG,27,1980,439278.55
F00844,R06,I56,Einzelunternehmen,28,1983,311962.31
F00845,R10,I56,Einzelunternehmen,19,2004,302414.91
F00846,R10,I56,Einzelunternehmen,22,2019,48531.77
F00847,R06,C10,KG,23,1992,150252.11
F00848,R10,C10,Einzelunternehmen,35,2001,33950.36
F00849,R09,H49,AG,32,2022,79560.84
F00850,R02,H49,OHG,30,2016,545456.26
F00851,R05,G47,AG,27,1981,245754.9
F00852,R10,H49,GmbH,24,2018,1120078.74
F00853,R01,H49,KG,25,1969,1136558.38
F00854,R07,G47,KG,22,2003,19001.55
F00855,R09,H49,AG,21,1992,989153.54
F00856,R01,C10,OHG,24,2006,134483.68
F00857,R03,I56,GmbH,29,2008,357007.26
F00858,R06,H49,Einzelunternehmen,29,1965,870638.13
F00859,R06,C29,OHG,18,1998,63056.38
F00860,R10,I56,GmbH,17,2001,615542.58
F00861,R06,H49,KG,26,2022,36027.74
F00862,R01,I56,Einzelunternehmen,23,2006,222054.39
F00863,R06,C29,Einzelunternehmen,24,2017,69169.34
F00864,R06,I56,KG,35,2002,41677.39
F00865,R06,I56,OHG,32,2013,21042.23
F00866,R06,C10,KG,24,1996,67170.11
F00867,R02,I55,AG,24,1992,968321.31
F00868,R02,I55,KG,28,1996,155234.39
F00869,R07,C29,Einzelunternehmen,22,1984,136220.4
F00870,R10,I56,GmbH,33,1980,64133.2
F00871,R05,G47,AG,24,1991,30477.44
F00872,R07,C10,OHG,21,2008,17543.89
F00873,R02,I55,Einzelunternehmen,26,1991,130084.54
F00874,R10,I56,OHG,24,1971,140658.91
F00875,R03,C10,Einzelunternehmen,37,1997,558517.91
F00876,R06,C29,OHG,20,1990,877848.57
F00877,R04,G47,OHG,21,2007,171517.89
F00878,R01,I56,OHG,31,1976,132729.55
F00879,R06,I56,Einzelunternehmen,30,1990,331826.72
F00880,R01,I56,AG,20,1976,32423.07
F00881,R05,I56,Einzelunternehmen,21,1996,455184.83
F00882,R04,H49,GmbH,27,2021,295917.17
F00883,R03,I56,AG,29,1975,129756.18
F00884,R08,I56,GmbH,30,2010,937634.94
F00885,R08,I56,Einzelunternehmen,26,1996,249698.46
F00886,R08,I56,KG,29,1985,12820.37
F00887,R05,H49,AG,26,1968,51169.41
F00888,R06,C29,KG,22,1980,544831.22
F00889,R10,G47,KG,26,2018,186034.04
F00890,R04,H49,KG,26,1984,145465.95
F00891,R07,C10,Einzelunternehmen,20,1990,208313.67
F00892,R07,I55,GmbH,36,1966,150171.99
F00893,R07,C10,AG,32,1967,400640.47
F00894,R08,C10,OHG,33,1996,119635.84
F00895,R04,I56,AG,21,2014,743039.54
F00896,R05,H49,AG,22,2006,257742.15
F00897,R06,G47,GmbH,19,1990,1068279.04
F00898,R04,C10,KG,30,1974,1297485.27
F00899,R03,I56,KG,20,2004,162184.84
F00900,R07,C10,AG,27,1975,43191.29
F00901,R06,I55,OHG,23,1998,335006.6
F00902,R02,C10,Einzelunternehmen,34,2010,166397.11
F00903,R04,G47,Einzelunternehmen,25,1999,349185.9
F00904,R07,G47,Einzelunternehmen,25,1991,193250.88
F00905,R07,G47,GmbH,22,2015,107486.16
F00906,R10,I55,Einzelunternehmen,26,2008,436017.29
F00907,R01,I56,KG,25,1989,175514.14
F00908,R04,C29,GmbH,35,1985,81319.2
F00909,R10,C10,OHG,34,2010,90331.1
F00910,R07,G47,GmbH,23,2022,257091.87
F00911,R05,C29,KG,15,1984,99352.57
F00912,R06,C10,GmbH,35,1974,82393.35
F00913,R07,G47,Einzelunternehmen,21,2011,369268.54
F00914,R08,H49,Einzelunternehmen,23,2006,275992.52
F00915,R05,G47,Einzelunternehmen,24,1967,505192.44
F00916,R08,I55,GmbH,25,1974,209666.23
F00917,R01,I55,AG,33,2001,88936.23
F00918,R05,H49,GmbH,24,1976,116734.14
F00919,R03,I56,KG,22,2011,74351.07
F00920,R01,C29,AG,20,2014,426671.36
F00921,R04,I55,AG,25,2022,165971.14
F00922,R06,H49,GmbH,26,1973,405868.03
F00923,R05,C10,AG,23,2009,192541.96
F00924,R07,C29,OHG,21,1967,128403.72
F00925,R09,I56,AG,35,1998,116999.17
F00926,R02,G47,OHG,30,1978,314733.88
F00927,R07,I55,GmbH,25,2022,382405.92
F00928,R03,G47,OHG,20,2000,160711.06
F00929,R09,I55,KG,22,1971,765576.83
F00930,R10,C10,GmbH,30,1979,117166.39
F00931,R08,G47,KG,23,2019,816841.34
F00932,R02,C10,Einzelunternehmen,22,2003,1638311.56
F00933,R10,C10,GmbH,38,1974,119807.95
F00934,R01,H49,Einzelunternehmen,35,1988,756111.74
F00935,R05,I56,KG,30,1986,186179.43
F00936,R06,C10,GmbH,24,1970,250632.2
F00937,R06,I55,GmbH,34,2017,73533.74
F00938,R10,I55,Einzelunternehmen,24,1988,27279.66
F00939,R01,I55,OHG,36,2001,120049.66
F00940,R06,I56,KG,18,1988,227083.65
F00941,R10,H49,AG,35,1991,217813.77
F00942,R04,C10,Einzelunternehmen,32,1999,78726.37
F00943,R09,I55,OHG,24,1998,50177.31
F00944,R09,G47,Einzelunternehmen,19,1978,295549.53
F00945,R03,C29,Einzelunternehmen,22,2018,2019204.3
F00946,R09,G47,OHG,30,1985,464470.2
F00947,R04,G47,GmbH,22,1978,44745.07
F00948,R10,I55,KG,22,2013,470603.82
F00949,R02,H49,AG,19,1988,650000.07
F00950,R01,C10,GmbH,28,2011,167213.7
F00951,R08,C29,GmbH,22,2018,53229.39
F00952,R07,C10,KG,26,1990,119837.33
F00953,R06,I56,GmbH,23,1971,59723.22
F00954,R10,I55,Einzelunternehmen,32,2001,71725.17
F00955,R10,H49,Einzelunternehmen,27,2021,121289.37
F00956,R07,C29,Einzelunternehmen,25,1998,513924.56
F00957,R04,G47,GmbH,30,1990,10004.66
F00958,R09,I55,Einzelunternehmen,23,1965,79648.7
F00959,R02,C10,GmbH,36,1965,162933.54
F00960,R03,C10,KG,27,1974,424377.74
F00961,R01,H49,KG,22,2014,127779.71
F00962,R08,I56,KG,24,1968,258345.79
F00963,R01,I55,Einzelunternehmen,36,2006,253102.64
F00964,R09,H49,OHG,27,1965,61191.78
F00965,R02,C29,GmbH,38,1981,736565.28
F00966,R10,H49,Einzelunternehmen,22,1978,546924.98
F00967,R04,G47,AG,26,1987,390788.78
F00968,R08,C29,Einzelunternehmen,28,2013,790028.66
F00969,R08,G47,AG,25,2022,51194.27
F00970,R09,C29,OHG,28,1994,153485.28
F00971,R08,C29,Einzelunternehmen,30,2015,65463.9
F00972,R04,C10,GmbH,31,2003,108848.71
F00973,R03,C10,OHG,23,2001,199806.18
F00974,R04,I55,GmbH,33,1996,189706.98
F00975,R01,C29,KG,23,1979,315625.91
F00976,R02,C10,OHG,40,1981,108095.22
F00977,R07,C10,AG,23,2014,298244.3
F00978,R05,C10,AG,22,1974,208975.8
F00979,R10,H49,AG,30,2020,303881.89
F00980,R07,I56,Einzelunternehmen,37,2018,344662.72
F00981,R02,I55,AG,25,2011,36329.68
F00982,R09,G47,KG,26,1992,375308.3
F00983,R03,H49,Einzelunternehmen,17,2001,154809.02
F00984,R09,C10,GmbH,34,2014,455750.36
F00985,R08,G47,KG,24,1984,187172.17
F00986,R05,I56,GmbH,31,1986,57716.72
F00987,R03,I55,AG,22,2016,2087199.12
F00988,R10,C10,AG,27,1975,1471447.61
F00989,R08,H49,AG,28,1971,222093.28
F00990,R07,H49,AG,32,2008,101677.39
F00991,R06,G47,OHG,27,1998,153300.38
F00992,R08,G47,OHG,28,1977,177949.14
F00993,R01,C10,OHG,18,1965,185764.4
F00994,R05,C29,KG,15,1981,195394.29
F00995,R10,I56,OHG,22,2014,263471.46
F00996,R05,C29,OHG,25,2010,1158692.81
F00997,R07,I56,Einzelunternehmen,19,1982,335915.83
F00998,R10,C10,GmbH,29,1996,83645.18
F00999,R08,I56,GmbH,30,2012,680931.8
F01000,R07,H49,KG,26,2005,327440.53
F01001,R10,C29,OHG,34,1975,104586.7
F01002,R05,C10,KG,17,1998,344742.15
F01003,R10,I56,Einzelunternehmen,26,1981,85349.54
F01004,R09,I56,KG,17,1975,47709.34
F01005,R08,G47,GmbH,24,2013,217198
F01006,R06,I55,OHG,21,2007,503300.38
F01007,R09,I55,AG,35,1975,338000.94
F01008,R05,H49,GmbH,15,1987,480547.16
F01009,R08,I56,Einzelunternehmen,28,1980,88782
F01010,R06,I56,KG,18,2000,191896.12
F01011,R08,C29,OHG,25,1969,144269.92
F01012,R03,H49,KG,29,2014,88319.45
F01013,R05,C29,OHG,26,1987,129796.15
F01014,R03,I56,OHG,25,2017,40908.15
F01015,R02,I55,GmbH,22,2014,62185.29
F01016,R05,C10,KG,28,1991,266838.51
F01017,R04,C10,KG,26,2001,103663.67
F01018,R01,G47,GmbH,26,1991,349776.7
F01019,R10,G47,AG,26,2021,94158.36
F01020,R07,I56,OHG,24,1972,256619.61
F01021,R06,H49,AG,24,1994,36025.13
F01022,R01,I55,AG,26,2003,170699.09
F01023,R10,H49,OHG,32,1976,429116.1
F01024,R05,C29,KG,27,2010,65886.87
F01025,R04,I55,Einzelunternehmen,25,1977,811455.87
F01026,R01,H49,AG,27,2007,220714.23
F01027,R01,G47,AG,24,1996,309370.97
F01028,R03,C10,KG,37,1997,836483.44
F01029,R06,G47,GmbH,26,1990,86278.09
F01030,R08,C10,GmbH,31,1975,167211.19
F01031,R07,C10,KG,24,1997,1231084.29
F01032,R10,C29,OHG,22,1989,77791.53
F01033,R06,G47,KG,24,1990,70591.11
F01034,R01,I56,GmbH,28,1968,26404.41
F01035,R08,C10,KG,23,1965,155174.66
F01036,R03,H49,AG,32,1970,260651.65
F01037,R05,I56,KG,29,1985,94570.75
F01038,R04,C29,GmbH,30,1999,235517.83
F01039,R10,C10,GmbH,30,1974,153968.57
F01040,R01,H49,OHG,25,2017,712078.21
F01041,R01,G47,Einzelunternehmen,31,2001,164480.83
F01042,R10,C29,Einzelunternehmen,31,1984,597710.7
F01043,R06,C29,AG,21,2015,706549.73
F01044,R01,C10,AG,22,1984,169619.33
F01045,R09,C29,AG,29,1985,104293.04
F01046,R08,I55,OHG,29,1984,113257.7
F01047,R10,C29,AG,32,1981,104406.48
F01048,R06,I55,GmbH,25,1970,576271.68
F01049,R03,H49,GmbH,30,1968,60773.04
F01050,R07,H49,GmbH,21,2018,20992.1
F01051,R06,C29,OHG,15,1994,189400.73
F01052,R06,I55,KG,34,1977,250772.46
F01053,R08,G47,KG,19,2003,58900.23
F01054,R06,G47,KG,19,1999,136712.67
F01055,R10,C29,GmbH,29,1972,116544.63
F01056,R02,I56,Einzelunternehmen,28,2005,20122.55
F01057,R04,G47,OHG,30,2022,615860.89
F01058,R10,I55,GmbH,27,1973,545336.68
F01059,R04,I55,AG,25,1996,408050.5
F01060,R04,C10,OHG,32,2021,83244.73
F01061,R07,G47,AG,16,1994,112099.36
F01062,R08,I55,KG,29,2017,138272.25
F01063,R04,I55,Einzelunternehmen,19,2007,33692.16
F01064,R07,G47,AG,29,1987,87051.14
F01065,R08,H49,AG,31,2002,40021.69
F01066,R02,C10,AG,29,1989,182973.39
F01067,R02,H49,AG,27,1986,140814.52
F01068,R05,C10,KG,26,1981,88594.2
F01069,R06,C10,GmbH,30,1991,166938.24
F01070,R08,C10,AG,21,2012,535408.1
F01071,R06,C10,Einzelunternehmen,29,2001,40466.14
F01072,R02,C29,KG,27,1986,300190.52
F01073,R06,C29,OHG,18,2004,106885.85
F01074,R02,C10,GmbH,22,1997,70586.87
F01075,R09,C10,AG,19,2005,119665.73
F01076,R07,I55,AG,31,1966,260162.59
F01077,R03,I56,KG,33,1968,138604.98
F01078,R10,C29,GmbH,20,2003,1025600.25
F01079,R10,I55,Einzelunternehmen,22,2003,248051.59
F01080,R04,G47,GmbH,24,2016,47414.53
F01081,R07,G47,OHG,21,2013,128978.9
F01082,R04,I56,AG,26,2000,672396.96
F01083,R08,C29,OHG,28,1968,212993.88
F01084,R08,C10,AG,33,2022,450139.66
F01085,R08,G47,AG,25,2018,272880.33
F01086,R10,G47,OHG,23,1966,134299.25
F01087,R01,H49,OHG,22,1997,40719.57
F01088,R04,C10,AG,18,2012,390030.06
F01089,R09,I55,AG,25.5,1979,183568.58
F01090,R06,I56,AG,22,2013,55844.07
F01091,R07,C10,Einzelunternehmen,15,1982,849487.15
F01092,R03,I55,Einzelunternehmen,27,2009,164920.54
F01093,R01,I56,GmbH,23,1979,177054.36
F01094,R04,C10,GmbH,30,2017,83737.15
F01095,R10,C10,OHG,33,1989,710296.59
F01096,R07,C29,Einzelunternehmen,34,1971,84755.42
F01097,R08,I55,KG,26,2001,66084.46
F01098,R01,G47,Einzelunternehmen,31,1973,186419.33
F01099,R06,C10,OHG,20,2003,102515.17
F01100,R05,I56,Einzelunternehmen,25,2016,220868.75
F01101,R09,I55,GmbH,23,2014,198843.74
F01102,R02,G47,AG,31,1975,57125.69
F01103,R02,I55,GmbH,41,1990,87807.22
F01104,R04,C10,Einzelunternehmen,22,2014,41523.11
F01105,R03,C29,OHG,33,1975,433635.88
F01106,R02,H49,AG,24,2015,37872.39
F01107,R05,I55,GmbH,23,1985,94557.62
F01108,R02,G47,KG,37,1967,421815.53
F01109,R07,I55,OHG,22,1984,188387.42
F01110,R01,I55,AG,33,2004,19735.05
F01111,R07,H49,KG,28,2016,59371.78
F01112,R03,C10,OHG,32,1994,167818.59
F01113,R06,H49,AG,28,1981,168267.85
F01114,R04,I55,KG,23,2021,237159.08
F01115,R06,H49,OHG,21,2001,69974.05
F01116,R02,G47,KG,31,1972,164796.87
F01117,R08,I56,Einzelunternehmen,25,1996,152691.2
F01118,R06,C10,AG,24,2015,82729.12
F01119,R01,C29,OHG,31,1992,86685.83
F01120,R07,G47,KG,22,2018,102519.52
F01121,R07,G47,OHG,29,2007,1516751.2
F01122,R10,I56,GmbH,23,2010,33317.35
F01123,R03,C29,OHG,19,2009,206935.07
F01124,R02,G47,KG,27,2012,137688.75
F01125,R09,I55,OHG,31,1981,27471.31
F01126,R02,I56,Einzelunternehmen,25,1986,55320.32
F01127,R05,I55,Einzelunternehmen,23,2005,100422.3
F01128,R02,C10,OHG,27,1976,186436.43
F01129,R04,I56,OHG,20,2013,494183.95
F01130,R05,H49,OHG,23,1980,124868.33
F01131,R01,C10,Einzelunternehmen,33,1971,154750.41
F01132,R01,I56,AG,29,1975,201131.26
F01133,R09,H49,KG,18,2016,566341.23
F01134,R05,I56,Einzelunternehmen,22,1974,51526.98
F01135,R01,H49,AG,21,1976,50865.32
F01136,R01,H49,OHG,22,1988,444727.3
F01137,R08,I56,Einzelunternehmen,27,1970,72426.58
F01138,R02,C29,GmbH,24,1990,148751.69
F01139,R01,C29,AG,26,1969,222328.34
F01140,R09,I55,AG,15,1973,92876
F01141,R02,C10,Einzelunternehmen,23,1972,151159.07
F01142,R07,C29,KG,29,2004,98325.93
F01143,R07,I55,GmbH,26,2007,333788.89
F01144,R07,I55,AG,32,1967,537452.36
F01145,R08,I55,Einzelunternehmen,24,2012,195651.68
F01146,R10,I56,AG,17,1971,79975.44
F01147,R05,C10,OHG,31,1977,486669.57
F01148,R02,H49,GmbH,35,2014,424872.28
F01149,R01,H49,GmbH,30,2009,1188437.25
F01150,R03,C29,KG,24,1972,312344.16
F01151,R04,I55,OHG,28,1975,25723.15
F01152,R05,I55,GmbH,29,2004,70442.23
F01153,R09,I56,AG,31,1981,212139.65
F01154,R05,H49,AG,25,2002,148986.8
F01155,R03,H49,OHG,29,2022,369253.72
F01156,R02,I56,Einzelunternehmen,26,2003,31914.64
F01157,R10,I55,KG,27,2012,111832.79
F01158,R02,G47,KG,34,2015,93002.76
F01159,R04,H49,Einzelunternehmen,27,2018,144655
F01160,R10,G47,KG,28,1989,80368.96
F01161,R05,I55,Einzelunternehmen,26,2012,78814.17
F01162,R04,I55,GmbH,28,2002,263957.91
F01163,R10,C10,OHG,22,2017,79435.89
F01164,R05,H49,GmbH,31,1973,70776.85
F01165,R10,I56,OHG,22,1985,212294
F01166,R06,C29,OHG,32,2016,311484.9
F01167,R02,C29,OHG,23,1988,953097.53
F01168,R03,C10,OHG,17,1987,58179.37
F01169,R03,I55,OHG,25,1998,329871.25
F01170,R03,I55,KG,27,2003,209812.45
F01171,R07,C10,Einzelunternehmen,21,1976,268270.66
F01172,R10,I55,Einzelunternehmen,30,1994,82646.46
F01173,R05,C29,Einzelunternehmen,33,2011,967348.37
F01174,R05,G47,OHG,25,2014,356242.44
F01175,R05,C29,AG,18,1973,295438.57
F01176,R08,I55,OHG,20,2005,404057.1
F01177,R07,H49,OHG,34,1977,117996.05
F01178,R08,C10,AG,27,2007,415204.71
F01179,R02,H49,KG,21,2000,17943.7
F01180,R04,I56,Einzelunternehmen,33,1983,29057.97
F01181,R05,C10,KG,20,2010,187216.55
F01182,R03,C29,KG,28,1985,225386.25
F01183,R03,I55,AG,21,2003,74305.96
F01184,R09,H49,AG,24,1977,185778.06
F01185,R04,I55,KG,22,2000,363822.66
F01186,R09,C10,AG,28,1967,156582.78
F01187,R05,I56,GmbH,26,2008,76682.75
F01188,R07,C29,GmbH,23,2012,665612.98
F01189,R07,I56,KG,23,1980,36414.45
F01190,R01,I56,KG,22,1972,324564.22
F01191,R08,G47,OHG,30,1978,415615.65
F01192,R10,H49,KG,28,1982,89300.18
F01193,R06,G47,AG,20,1992,102404.67
F01194,R02,I56,AG,26,1993,124297.41
F01195,R07,H49,AG,9,1976,50548.55
F01196,R05,I56,GmbH,24,1970,893723.44
F01197,R10,C29,Einzelunternehmen,24,2003,17690.82
F01198,R07,C29,AG,28,2016,101503.17
F01199,R03,C29,Einzelunternehmen,25,2020,313478.57
F01200,R03,H49,OHG,18,1973,273812.94
F01201,R08,H49,KG,25,2009,692377.62
F01202,R06,I55,Einzelunternehmen,35,2010,78455.33
F01203,R05,C29,KG,25,1967,18974.31
F01204,R03,I56,GmbH,37,2008,40933.64
F01205,R09,G47,OHG,15,1974,136334.8
F01206,R09,H49,OHG,28,1977,904693.28
F01207,R07,C10,OHG,24.5,1978,103169.25
F01208,R05,C10,OHG,33,2000,70700.25
F01209,R09,G47,KG,30,1972,260422.36
F01210,R03,I56,GmbH,24,1972,94424.6
F01211,R08,H49,AG,32,1982,49121.48
F01212,R02,I56,OHG,38,1972,2915175.95
F01213,R02,I55,OHG,25,1985,632225.03
F01214,R09,H49,OHG,35,2010,51096.91
F01215,R04,I56,AG,26,1981,150511.3
F01216,R01,G47,AG,31,1983,847968.77
F01217,R04,H49,GmbH,34,2017,36850.8
F01218,R03,C29,GmbH,33,2000,243664.07
F01219,R09,I56,AG,41,2020,359657.88
F01220,R08,I56,KG,23,1972,1013280.61
F01221,R09,C10,Einzelunternehmen,29,2017,127657.34
F01222,R03,H49,AG,25,2012,91541.53
F01223,R10,G47,Einzelunternehmen,29,1981,565710.97
F01224,R08,H49,OHG,28,1977,142639.4
F01225,R01,H49,Einzelunternehmen,27,1981,1755067.19
F01226,R03,I55,OHG,35,1966,142747.12
F01227,R01,C10,AG,24,1997,74343.6
F01228,R05,C10,KG,19,1974,885627.02
F01229,R09,I56,KG,30,2013,465293.7
F01230,R02,G47,Einzelunternehmen,22,2011,314721.44
F01231,R10,I56,AG,21,1993,316984.68
F01232,R10,C29,GmbH,29,1979,31338.29
F01233,R07,C10,GmbH,33,1980,329890.03
F01234,R09,C29,OHG,21,1995,686625.33
F01235,R02,G47,KG,28,1971,179238.19
F01236,R10,I56,GmbH,22,2019,18925.87
F01237,R02,C10,KG,27,1977,289136.53
F01238,R01,C10,KG,28,2017,2129531.56
F01239,R06,H49,OHG,20,1994,173065.19
F01240,R04,I55,AG,29,1989,194365.79
F01241,R04,I56,Einzelunternehmen,18,1995,30793.58
F01242,R02,I56,OHG,23,2013,178880.16
F01243,R10,G47,OHG,32,1981,294931.53
F01244,R07,I56,Einzelunternehmen,26,1984,1651536.34
F01245,R09,I56,GmbH,40,1969,649983.71
F01246,R05,C29,OHG,25,1974,1355969.88
F01247,R06,C29,GmbH,15,2000,935311.47
F01248,R03,I55,AG,27,1968,112000.3
F01249,R01,G47,AG,30,1972,288081.1
F01250,R03,H49,Einzelunternehmen,23,1994,34610.76
F01251,R05,C10,OHG,18,1997,359075.56
F01252,R04,C29,Einzelunternehmen,28,1990,333535.91
F01253,R02,C10,GmbH,33,2007,217338.17
F01254,R02,I55,OHG,21,1995,162964.64
F01255,R09,C29,KG,30,2001,634006.46
F01256,R10,C29,Einzelunternehmen,23,2014,63733.09
F01257,R04,I55,GmbH,25,1965,43494.85
F01258,R05,C10,GmbH,25,2000,83840.67
F01259,R08,I55,AG,24,1979,115496.17
F01260,R07,C29,OHG,23,2021,176996.76
F01261,R07,I55,AG,19,2006,193814.61
F01262,R08,C10,Einzelunternehmen,37,2008,597105.49
F01263,R04,C10,AG,38,1976,205863.79
F01264,R08,H49,AG,36,2019,61677.06
F01265,R08,H49,KG,18,1981,460691.67
F01266,R08,H49,AG,34,1965,82886.29
F01267,R06,H49,GmbH,25,1993,290832.98
F01268,R05,I56,AG,26,2002,2557240.72
F01269,R07,G47,GmbH,21,2001,46034.14
F01270,R04,I55,GmbH,29,2022,312746.16
F01271,R01,C29,Einzelunternehmen,29,1982,26125.27
F01272,R07,G47,KG,24,2000,87280.24
F01273,R01,C29,OHG,24,1965,119350.84
F01274,R03,H49,GmbH,32,2011,81507.02
F01275,R03,C10,KG,20,2003,997974.89
F01276,R07,C10,OHG,35,1977,243912.15
F01277,R05,H49,KG,23,2004,565620.38
F01278,R10,I55,OHG,29,2004,178064.88
F01279,R01,C10,AG,16,2020,363106.33
F01280,R07,C10,AG,14,2012,318309.92
F01281,R09,I55,AG,30,2007,67807.19
F01282,R07,C10,GmbH,24,2015,147422.72
F01283,R03,I55,AG,31,2017,18714.84
F01284,R04,C29,GmbH,28,2016,104688.67
F01285,R07,G47,AG,24,2009,314302.51
F01286,R10,C29,OHG,21,1976,164271.46
F01287,R04,G47,OHG,28,2017,560670.97
F01288,R02,H49,AG,23,2019,139256.94
F01289,R02,G47,OHG,25,1991,62270.77
F01290,R08,I56,AG,24,1967,434826.36
F01291,R02,C29,AG,23,1993,178359.02
F01292,R02,I55,AG,25,2018,30328.31
F01293,R06,G47,AG,26,2004,225651.72
F01294,R06,C29,AG,25,1996,3780816.21
F01295,R09,H49,GmbH,23,1986,69899.8
F01296,R03,C10,Einzelunternehmen,22,1996,451483.76
F01297,R10,I56,GmbH,30,1996,84827.15
F01298,R09,H49,GmbH,27,2004,61071.7
F01299,R01,G47,AG,20,1993,1819520.28
F01300,R03,H49,Einzelunternehmen,27,1982,332184.96
F01301,R01,C10,KG,25,1995,582014.91
F01302,R06,H49,Einzelunternehmen,29,1999,436309.92
F01303,R04,I55,KG,34,2009,1677129.72
F01304,R08,C29,Einzelunternehmen,32,2010,150693.25
F01305,R07,C10,GmbH,28,2006,814909.39
F01306,R01,H49,OHG,27,1977,263395.17
F01307,R06,I56,AG,31,2012,380794.53
F01308,R06,C29,GmbH,31,1981,65329.02
F01309,R10,C29,OHG,28,1998,218310.66
F01310,R10,G47,KG,11,1994,321107.08
F01311,R06,I55,KG,26,2004,767942.48
F01312,R02,I55,GmbH,28,1991,388515.9
F01313,R01,H49,Einzelunternehmen,25,2003,258688.46
F01314,R10,C10,GmbH,27,1972,9685.04
F01315,R02,H49,OHG,26,2001,20682.11
F01316,R10,C29,OHG,28,1973,156290.2
F01317,R04,C10,GmbH,27,1968,799468.18
F01318,R09,C29,AG,20,1966,76295.2
F01319,R08,C10,OHG,23,1981,40026.85
F01320,R07,H49,KG,29,2008,69048.67
F01321,R08,C29,AG,23,1978,291178.06
F01322,R09,H49,GmbH,27,1965,57196.92
F01323,R05,H49,KG,37,1989,513642.26
F01324,R07,I55,OHG,26,1996,501208.66
F01325,R06,C10,AG,33,2020,221202.21
F01326,R04,I56,GmbH,27,1970,125103.61
F01327,R02,C10,Einzelunternehmen,32,2007,31302.44
F01328,R08,C29,GmbH,27,1976,214325.7
F01329,R08,I55,Einzelunternehmen,33,1988,117552.61
F01330,R10,C10,Einzelunternehmen,27,2016,53597.57
F01331,R01,I56,KG,26,2010,158203.44
F01332,R01,H49,GmbH,23,1967,694222.46
F01333,R02,H49,GmbH,25,2002,340524.36
F01334,R03,I56,GmbH,28,1973,271369.62
F01335,R04,C10,KG,23,2019,76996.14
F01336,R01,I56,OHG,21,1981,62559.7
F01337,R09,I55,GmbH,28,2002,95310.74
F01338,R08,I55,KG,28,1965,335029.14
F01339,R09,G47,Einzelunternehmen,30,1994,273275.04
F01340,R03,C10,GmbH,19,1989,172302.72
F01341,R09,C10,OHG,32,1974,94841.59
F01342,R03,C29,OHG,26,1968,214366.11
F01343,R07,I55,GmbH,26,2005,525832.1
F01344,R05,C10,OHG,30,2007,93175.41
F01345,R10,H49,OHG,29,2020,524519.2
F01346,R06,I56,OHG,30,2010,108485.01
F01347,R08,C10,AG,20,2001,162403.22
F01348,R09,C29,AG,27,2002,1172717.52
F01349,R07,C10,KG,15,1987,43979.29
F01350,R01,G47,KG,35,1971,151096.29
F01351,R01,I56,AG,28,2017,51501.71
F01352,R04,H49,OHG,28,1988,50382.23
F01353,R06,I56,OHG,22,1998,83499.3
F01354,R07,H49,Einzelunternehmen,32,2013,105410.14
F01355,R07,C29,Einzelunternehmen,21,1992,285553.97
F01356,R01,I56,GmbH,27,1992,58131.46
F01357,R08,C10,KG,32,1997,98701.64
F01358,R09,C29,KG,31,1968,212961.19
F01359,R10,G47,KG,31,1972,226699.09
F01360,R01,I55,KG,27,2015,331103.68
F01361,R02,H49,Einzelunternehmen,19,2021,90329.44
F01362,R05,C29,AG,19,1978,141155.57
F01363,R01,C29,OHG,29,2007,59002.02
F01364,R05,C10,AG,30,1998,75472.15
F01365,R01,C29,AG,26,1968,149999.49
F01366,R05,H49,KG,24,1998,635240.58
F01367,R07,H49,KG,31,2014,78661.96
F01368,R03,I55,AG,32,2003,161127.31
F01369,R01,I56,AG,32,2018,1249605.94
F01370,R08,G47,GmbH,31,2015,385958.82
F01371,R02,C10,AG,23,2014,275436.35
F01372,R05,I56,KG,24,1985,45932.36
F01373,R04,C10,AG,15,1969,335014.84
F01374,R03,H49,KG,21,1965,59265.99
F01375,R01,H49,OHG,29,2022,104494.61
F01376,R04,I56,KG,20,1985,104259.6
F01377,R04,G47,OHG,33,2002,199816.54
F01378,R03,I55,GmbH,32,1997,239844.25
F01379,R04,C29,KG,23,2016,148393.99
F01380,R06,H49,KG,32,2020,683964.01
F01381,R08,C10,GmbH,20,1993,141952.05
F01382,R05,C10,OHG,33,2004,2290570.64
F01383,R04,I56,GmbH,27,1985,23037.72
F01384,R04,C10,GmbH,27,2018,246960.2
F01385,R03,H49,AG,26,1992,338653.4
F01386,R10,I56,Einzelunternehmen,25,2017,31358.27
F01387,R09,G47,KG,31,2011,161446.1
F01388,R05,I55,OHG,28,1993,152026.36
F01389,R03,H49,GmbH,34,1991,1615710.15
F01390,R07,C29,AG,24,1983,615285.55
F01391,R10,I56,OHG,25,2020,42350.48
F01392,R02,I55,AG,29,1984,158324.32
F01393,R06,C29,GmbH,31,1971,424913.44
F01394,R05,I56,GmbH,30,1994,253656.63
F01395,R04,C10,AG,30,1970,509330.37
F01396,R04,C10,OHG,28,1971,284913.93
F01397,R05,G47,AG,24,2011,27341.65
F01398,R10,I56,OHG,17,2003,169326.61
F01399,R05,G47,KG,22,2013,180028.99
F01400,R06,C10,Einzelunternehmen,21,1985,325316.02
F01401,R01,C29,KG,26,1987,90695.63
F01402,R05,C10,KG,28,2002,109611.09
F01403,R01,C10,GmbH,24,1987,284542.52
F01404,R01,C10,KG,32,2008,655987.94
F01405,R08,I55,Einzelunternehmen,24,2018,136293.89
F01406,R10,I55,AG,28,1986,112078.74
F01407,R03,C29,AG,22,1977,1114510.76
F01408,R08,C29,OHG,30,2015,138352.42
F01409,R08,H49,KG,22,1972,230822.41
F01410,R09,C10,AG,26,1999,632517.77
F01411,R04,I56,OHG,21,1997,188391.1
F01412,R05,H49,GmbH,33,1983,573198.22
F01413,R02,C29,Einzelunternehmen,33,1969,200320.97
F01414,R10,I55,Einzelunternehmen,25,1977,245655.23
F01415,R08,C10,OHG,22,1997,126576.85
F01416,R04,C10,Einzelunternehmen,32,1974,722358.92
F01417,R04,I56,OHG,22,1974,489717.58
F01418,R01,H49,AG,21,1974,97061.56
F01419,R04,G47,AG,37,1980,37509.45
F01420,R04,C10,OHG,22,1993,530558.53
F01421,R01,H49,Einzelunternehmen,29,2004,37015.56
F01422,R03,C29,OHG,27,1993,64133.25
F01423,R06,H49,KG,24,1988,117993.03
F01424,R01,C10,GmbH,23,1976,490497.98
F01425,R05,G47,KG,15,1997,347430.17
F01426,R03,H49,GmbH,21,1997,74215.43
F01427,R09,H49,GmbH,23,1969,784275.7
F01428,R07,I55,KG,16,1966,421512.31
F01429,R02,H49,KG,26,1970,98629.06
F01430,R03,I56,AG,22,1995,103861.47
F01431,R09,C10,Einzelunternehmen,24,2016,141016.29
F01432,R04,H49,AG,19,2022,294032.64
F01433,R07,C10,Einzelunternehmen,28,1993,131226.45
F01434,R01,I56,GmbH,28,1991,51134.41
F01435,R07,I56,KG,31,2009,99427.11
F01436,R04,C10,OHG,23,2010,70309.47
F01437,R02,G47,OHG,43,1997,120487.96
F01438,R07,C10,Einzelunternehmen,23,1967,174433.99
F01439,R02,H49,OHG,24,1987,150139.8
F01440,R08,I55,AG,25,1983,196723.53
F01441,R05,H49,OHG,26,2006,46589.34
F01442,R06,I56,Einzelunternehmen,31,2016,208667.31
F01443,R09,C29,Einzelunternehmen,24,2015,102820.62
F01444,R09,C29,OHG,40,2006,953780.72
F01445,R01,G47,OHG,33,1999,523403.18
F01446,R05,C29,KG,29,1988,223662.45
F01447,R01,C29,GmbH,30,1970,96987.91
F01448,R09,I56,GmbH,30,1994,328874.45
F01449,R09,C10,KG,18,1969,36861.52
F01450,R05,C10,OHG,32,1982,142023.52
F01451,R10,G47,KG,18,2016,89585.05
F01452,R02,C10,OHG,24,1996,186507.55
F01453,R07,H49,OHG,24,1978,444888.56
F01454,R09,C10,KG,18,2015,126926.8
F01455,R06,I55,KG,28,1984,98744.91
F01456,R08,H49,KG,26,1976,30187.79
F01457,R04,C10,Einzelunternehmen,28,1981,99578.61
F01458,R09,C29,KG,24,1966,730748.12
F01459,R08,I56,KG,26,1970,111511.62
F01460,R03,I56,AG,25,1974,291145.53
F01461,R02,I55,OHG,18,2015,135788.51
F01462,R02,C29,GmbH,21,1995,341033.5
F01463,R02,C29,KG,26,1984,616757.43
F01464,R01,I56,Einzelunternehmen,33,2021,125479.1
F01465,R07,C29,KG,31,1969,351860.71
F01466,R09,H49,GmbH,35,1973,30410.94
F01467,R09,I56,GmbH,25,2012,96718.35
F01468,R01,C10,Einzelunternehmen,35,2016,66733.91
F01469,R01,I55,AG,32,1977,179766.21
F01470,R07,H49,Einzelunternehmen,21,1981,473060.55
F01471,R08,I55,Einzelunternehmen,26,1995,612346.85
F01472,R07,G47,KG,16,2019,52077.63
F01473,R10,I56,OHG,26,1994,103040.49
F01474,R07,G47,OHG,28,1976,298494.51
F01475,R10,G47,AG,26,2022,118579.44
F01476,R09,I55,Einzelunternehmen,18,2017,81927.16
F01477,R07,C29,KG,20,2014,402818.34
F01478,R01,H49,KG,24,1989,400100.02
F01479,R01,C29,Einzelunternehmen,32,1967,342404.46
F01480,R09,C10,OHG,25,2018,192321.87
F01481,R01,C10,Einzelunternehmen,34,1970,750051.63
F01482,R02,C10,GmbH,19,1966,60759.66
F01483,R10,C10,AG,28,1982,10199.8
F01484,R09,C29,OHG,25,1977,119907.58
F01485,R01,I56,KG,30,1985,80199.82
F01486,R08,G47,AG,21,1976,269965.27
F01487,R03,G47,KG,21,1984,936084.15
F01488,R07,G47,GmbH,31,2020,116708.62
F01489,R02,C29,AG,36,1986,339354.8
F01490,R07,I56,GmbH,28,2022,55471.58
F01491,R01,I55,AG,24,1998,121677.03
F01492,R08,G47,GmbH,19,1965,72860.98
F01493,R02,G47,KG,23,1976,178042.21
F01494,R01,C10,Einzelunternehmen,30,1998,152149.89
F01495,R07,G47,AG,26,1970,160330.71
F01496,R04,G47,AG,21,2016,160385.09
F01497,R01,I55,AG,27,2013,111867.25
F01498,R09,H49,AG,17,2020,185698.91
F01499,R09,C29,Einzelunternehmen,35,1994,171546.94
F01500,R09,C10,KG,34,2006,498063.4
